axique =  Christoph Würstle <chris@axique.de>
chrisime = Christian Meyer <chrisime@gnome.org>
cmarqu = Colin Marquardt <colin@marquardt-home.de>
daveh = Dave A. Hall <dave@AdelieSolutions.com>
dctanner = Damien Tanner <dctanner@magenet.com>
ekarlin = Erik Karlin <e_karlin@yahoo.com>
erez = Erez Doron <erez@savan.com>
fboor = Florian Boor <boor@unix-ag.org>
florian = Florian Boor <florian@kernelconcepts.de>
gcobb = Graham Cobb <g+gpe@cobb.uk.net>
hadess =  Bastien Nocera <hadess@hadess.net>
jamey = Jamey Hicks <jamey.hicks@hp.com>
jg = Jim Gettys <jim.gettys@hp.com>
(no author) = Unknown Autor <unknown@svn.repo>
keithp = Keith Packard <keithp@keithp.com>
krokas = Kirill Kononenko <krokas@aport.ru>
lars_p_fink = Lars Persson Fink <lars.p.fink@gmail.com>
ldecicco = Luca De Cicco <ldecicco@gmail.com>
luc = Luc Pionchon <pionchon.luc@gmail.com>
luis = Luis Oliveria <luismbo@netcabo.pt>
martin = Martin Felis <martin@silef.de>
mason = Charles Mason <mason@csit.fsu.edu>
mccarthy = Joseph J. McCarthy <mccarthy@engrng.pitt.edu>
mibus = Robert Mibus <mibus@bigpond.com>
michaelo = Michael Opdenacker <michaelo@handhelds.org>
mmp = Milan Plzik  <mmp@handhelds.org>
moray = Moray Allan <moray@sermisy.org>
mreimer = Matt Reimer <mreimer@vpop.net>
neal = Neal H. Walfield  <neal@gnu.org>
nils = Nils Faerber <nils@kernelconcepts.de>
occ = Owen Cliffe <occ@cs.bath.ac.uk>
ole = Ole Reinhardt <ole@kernelconcepts.de>
paul = Paul Jakma <paul@dishone.st>
pb = Philip Blundell <philb@gnu.org>
philb = Philip Blundell <philb@gnu.org>
philippe = Philippe De Swert <philippedeswert@gmail.com>
pigeon = Howell Tam <pigeon@pigeond.net>
pionchon = Luc Pionchon <luc.pionchon@welho.com>
prpplague = David Anders <dave@mail.americanmicrosystems.com>
rw = Rene Wagner <rw@handhelds.org>
skyhusker = Alberto García Hierro <skyhusker@rm-fr.net>
solar = Ned Ludd <solar@gentoo.org>
steima = Matthias Steinbauer <matthias@steinbauer.org>
tardyp = Pierre Tardy <tardyp@free.fr>
tobygray = Toby Gray <toby@yargybot.com>
